<publishData>
  <publishTarget publishUrl="E:\FromMia\WMS接口\发布\">
    <file relUrl="WmsInterface.asmx" publishTime="07/21/2015 17:48:02" />
    <file relUrl="DBConn/002.xml" publishTime="03/16/2016 16:47:42" />
    <file relUrl="Web.config" publishTime="07/22/2015 09:51:20" />
    <file relUrl="bin/WmsInterface.dll" publishTime="04/19/2016 12:34:54" />
    <file relUrl="WmsInterface.csproj.user" publishTime="03/29/2016 14:34:49" />
    <file relUrl="bin/WmsInterface.pdb" publishTime="04/19/2016 12:34:54" />
    <file relUrl="WmsInterface.csproj" publishTime="02/27/2016 09:21:38" />
    <file relUrl="WmsInterface.asmx.cs" publishTime="04/19/2016 12:34:52" />
    <file relUrl="WmsInterface.Publish.xml" publishTime="04/18/2016 18:22:28" />
    <file relUrl="Properties/AssemblyInfo.cs" publishTime="07/21/2015 10:02:50" />
  </publishTarget>
  <publishTarget publishUrl="E:\WMS接口\发布\">
    <file relUrl="WmsInterface.asmx" publishTime="07/21/2015 17:48:00" />
    <file relUrl="DBConn/002.xml" publishTime="03/16/2016 16:47:41" />
    <file relUrl="Web.config" publishTime="07/22/2015 09:51:18" />
    <file relUrl="bin/WmsInterface.dll" publishTime="03/25/2016 16:56:14" />
    <file relUrl="WmsInterface.csproj.user" publishTime="02/27/2016 09:21:37" />
    <file relUrl="bin/WmsInterface.pdb" publishTime="03/25/2016 16:56:13" />
    <file relUrl="WmsInterface.csproj" publishTime="02/27/2016 09:21:37" />
    <file relUrl="WmsInterface.asmx.cs" publishTime="03/25/2016 16:56:10" />
    <file relUrl="WmsInterface.Publish.xml" publishTime="03/22/2016 15:24:12" />
    <file relUrl="Properties/AssemblyInfo.cs" publishTime="07/21/2015 10:02:48" />
  </publishTarget>
</publishData>